Fe,Mn,Ni,Co,Cr,V,Al,D1,D2,D10,D16,D19,D21
0.440662914,0.036492702,0.002002391,0.130572193,0.30623129,0.069099278,0.014939232,-3.427090914,-2.106676421,24.52814049,269.2986098,1.632805288,0.01025283
0.481208522,0.138064443,0.016667812,0.115223983,0.193032019,0.055172273,0.000630947,-4.136846754,-1.95713449,24.88871801,259.2224673,1.145427571,0.013326917
0.382072582,0.229091566,0.012115612,0.136905285,0.181800119,0.028292031,0.029722805,-3.635941235,-1.56306078,24.98630476,247.9290735,2.545361112,0.016317637
0.486869134,0.034342216,0.068110406,0.118333669,0.268962357,0.014961242,0.008420976,-3.695198402,-1.751733596,24.6791176,262.1872385,2.620238244,0.009819935
0.328715431,0.028392403,0.007654145,0.22026869,0.355891917,0.042932946,0.016144469,-2.665696397,-1.913395609,24.41192236,264.7239801,2.022813601,0.010853561
